mid,unid
1,351
2,352
3,353
4,354
5,355
6,356
7,357
8,358
9,359
10,360
11,361
12,362
13,363
14,364
15,365
16,366
17,367
18,368
19,369
20,370
21,371
22,372
23,373
24,374
25,375
26,376
27,377
28,378
29,379
30,380
31,381
32,382
33,383
34,384
35,385
36,386
37,387
38,388
39,389
40,390
41,391
42,392
43,393
44,394
45,395
46,396
47,397
48,398
49,399
50,400
51,401
52,402
53,403
54,404
55,405
56,406
57,407
58,408
59,409
60,410
61,411
62,412
63,413
64,414
65,415
66,416
67,417
68,418
69,419
70,420
71,421
72,422
73,423
74,424
75,425
76,426
77,427
78,428
79,429
80,430
81,431
82,432
83,433
84,434
85,435
86,436
87,437
88,438
89,439
90,440
91,441
92,442
93,443
94,444
95,445
96,446
97,447
98,448
99,449
100,450
101,451
102,452
103,453
104,454
105,455
106,456
107,457
108,458
109,459
110,460
111,461
112,462
113,463
114,464
115,465
116,466
117,467
118,468
119,469
120,470
121,471
122,472
123,473
124,474
125,475
126,476
127,477
128,478
129,479
130,480
131,481
132,482
133,483
134,484
135,485
136,486
137,487
138,488
139,489
140,490
141,491
142,492
143,493
144,494
145,495
146,496
147,497
148,498
149,499
150,500
151,501
152,502
153,503
154,504
155,505
156,506
157,507
158,508
159,509
160,510
161,511
162,512
163,513
164,514
165,515
166,516
167,517
168,518
169,519
170,520
171,521
172,522
173,523
174,524
175,525
176,526
177,527
178,528
179,529
180,530
181,531
182,532
183,533
184,534
185,535
186,536
187,537
188,538
189,539
190,540
191,541
192,542
193,543
194,544
195,545
196,546
197,547
198,548
199,549
200,550
201,551
202,552
203,553
204,554
205,555
206,556
207,557
208,558
209,559
210,560
211,561
212,562
213,563
214,564
215,565
216,566
217,567
218,568
219,569
220,570
221,571
222,572
223,573
224,574
225,575
226,576
227,577
228,578
229,579
230,580
231,581
232,582
233,583
234,584
235,585
236,586
237,587
238,588
239,589
240,590
241,591
242,592
243,593
244,594
245,595
246,596
247,597
248,598
249,599
250,600
